{"cameraMode":{"drawMode":0,"name":"Shaded","section":"Shading Mode"},"sceneLighting":true,"audioPlay":false,"sceneViewState":{"m_AlwaysRefresh":false,"showFog":true,"showSkybox":true,"showFlares":true,"showImageEffects":true,"showParticleSystems":true,"showVisualEffectGraphs":true,"m_FxEnabled":true},"in2DMode":false,"pivot":{"x":0.1996544748544693,"y":2.900169610977173,"z":-0.0014972686767578126},"rotation":{"x":0.0029999224934726955,"y":0.005999928340315819,"z":-0.000018010572603088804,"w":0.9999775290489197},"size":8.319297790527344,"orthographic":false}