{"cameraMode":{"drawMode":0,"name":"Shaded","section":"Shading Mode"},"sceneLighting":false,"audioPlay":false,"sceneViewState":{"m_AlwaysRefresh":false,"showFog":true,"showSkybox":false,"showFlares":true,"showImageEffects":true,"showParticleSystems":true,"showVisualEffectGraphs":true,"m_FxEnabled":true},"in2DMode":false,"pivot":{"x":2.676574468612671,"y":0.8863840103149414,"z":-0.21444083750247956},"rotation":{"x":-0.07558085024356842,"y":0.38140103220939639,"z":-0.03131181374192238,"w":-0.9207964539527893},"size":1.1519416570663453,"orthographic":false}